{
	"version": "0.3.9", 
	"suite": "unknown_suite", 
	"function_id": 21, 
	"function_name": "Gallagher101", 
	"maximization": false, 
	"algorithm": {"name": "psa", "info": "algorithm_info"},
	"attributes": ["evaluations", "raw_y", "sigma", "t", "d_norm", "d_mean", "ps_norm", "ps_mean", "pc_norm", "pc_mean", "lambda_", "ps_ratio", "ps_squared", "loglikelihood", "mhl_norm", "mhl_sum"],
	"scenarios": [
		{"dimension": 16,
		"path": "data_f21_Gallagher101/IOHprofiler_f21_DIM16.dat",
		"runs": [
			{"instance": 1, "evals": 40055, "best": {"evals": 39931, "y": 7.317554832410005, "x": [2.4123959255353666, 4.177608393581156, -4.955878206147478, 1.774396925540872, -2.832392924813145, 3.5507271541354806, 2.0962560762664673, 2.3297589408431216, 0.2641069714700246, -3.5637796208959975, -3.610979546897706, 0.7524744672677018, -3.3602233529556895, -2.929608413374653, -0.9338373745211795, -2.4503845071807717]}}
		]}
	]
}
