{
	"version": "0.3.9", 
	"suite": "unknown_suite", 
	"function_id": 13, 
	"function_name": "SharpRidge", 
	"maximization": false, 
	"algorithm": {"name": "psa", "info": "algorithm_info"},
	"attributes": ["evaluations", "raw_y", "sigma", "t", "d_norm", "d_mean", "ps_norm", "ps_mean", "pc_norm", "pc_mean", "lambda_", "ps_ratio", "ps_squared", "loglikelihood", "mhl_norm", "mhl_sum"],
	"scenarios": [
		{"dimension": 16,
		"path": "data_f13_SharpRidge/IOHprofiler_f13_DIM16.dat",
		"runs": [
			{"instance": 1, "evals": 40055, "best": {"evals": 39931, "y": 0.08036162521719067, "x": [0.8757740464716023, -1.7469609239742485, -3.640069695740239, -1.9735101199573148, 3.0587456142202263, 3.3003172388588142, -3.9401213241707547, -2.854014224245684, 0.850827628530352, -1.8510929874051731, 1.2872817184257248, -1.7197806092566812, 4.04411473832291, 2.415446122389564, -1.5324886711853618, 2.6586555033074406]}}
		]}
	]
}
