{
	"version": "0.3.9", 
	"suite": "unknown_suite", 
	"function_id": 14, 
	"function_name": "DifferentPowers", 
	"maximization": false, 
	"algorithm": {"name": "psa", "info": "algorithm_info"},
	"attributes": ["evaluations", "raw_y", "sigma", "t", "d_norm", "d_mean", "ps_norm", "ps_mean", "pc_norm", "pc_mean", "lambda_", "ps_ratio", "ps_squared", "loglikelihood", "mhl_norm", "mhl_sum"],
	"scenarios": [
		{"dimension": 16,
		"path": "data_f14_DifferentPowers/IOHprofiler_f14_DIM16.dat",
		"runs": [
			{"instance": 1, "evals": 40055, "best": {"evals": 39931, "y": 0.00011493897814311909, "x": [-0.8679733102981617, -1.2443279173520045, 2.536618985134737, -2.3371163924209006, -1.5191758027152107, 3.627795490177029, -3.8494140157157832, 0.004483164804124021, 2.7884282357393917, -1.7277944357109505, 3.02382206132174, -0.5197236754868808, 3.4926329784450227, -0.889020739833731, -1.9391355817270053, 1.2184354776596418]}}
		]}
	]
}
