{
	"version": "0.3.9", 
	"suite": "unknown_suite", 
	"function_id": 2, 
	"function_name": "Ellipsoid", 
	"maximization": false, 
	"algorithm": {"name": "psa", "info": "algorithm_info"},
	"attributes": ["evaluations", "raw_y", "sigma", "t", "d_norm", "d_mean", "ps_norm", "ps_mean", "pc_norm", "pc_mean", "lambda_", "ps_ratio", "ps_squared", "loglikelihood", "mhl_norm", "mhl_sum"],
	"scenarios": [
		{"dimension": 16,
		"path": "data_f2_Ellipsoid/IOHprofiler_f2_DIM16.dat",
		"runs": [
			{"instance": 1, "evals": 40055, "best": {"evals": 39931, "y": 73.9021286082506, "x": [1.9246303330292376, 1.2768214972383254, 1.5734514637653259, 1.1949946290497007, 2.0517300943226524, 2.7842222491851185, 2.332167709852378, -0.18094797452194594, -1.1371638021077333, 2.6122572723103503, 0.8784055572703293, 1.5746152699031548, 3.9763970562749593, -1.4150253669247665, -1.5347439195574453, -3.7692405763944627]}}
		]}
	]
}
