{
	"version": "0.3.9", 
	"suite": "unknown_suite", 
	"function_id": 4, 
	"function_name": "BuecheRastrigin", 
	"maximization": false, 
	"algorithm": {"name": "psa", "info": "algorithm_info"},
	"attributes": ["evaluations", "raw_y", "sigma", "t", "d_norm", "d_mean", "ps_norm", "ps_mean", "pc_norm", "pc_mean", "lambda_", "ps_ratio", "ps_squared", "loglikelihood", "mhl_norm", "mhl_sum"],
	"scenarios": [
		{"dimension": 16,
		"path": "data_f4_BuecheRastrigin/IOHprofiler_f4_DIM16.dat",
		"runs": [
			{"instance": 1, "evals": 40055, "best": {"evals": 39877, "y": 10.944571670232186, "x": [1.3443692699296432, 2.2998749521362183, 1.3206381281243995, 0.7279583016027886, 1.5067906058995073, 2.805831224625139, 1.8617109906800875, 1.9715279663141911, 1.2382156980898835, 0.057549057385921996, 2.294852442261017, -3.7840334495423633, -0.2447895290129168, -2.5804354437588035, 1.3847727356390824, -3.6183464407898]}}
		]}
	]
}
