{
	"version": "0.3.9", 
	"suite": "unknown_suite", 
	"function_id": 24, 
	"function_name": "LunacekBiRastrigin", 
	"maximization": false, 
	"algorithm": {"name": "psa", "info": "algorithm_info"},
	"attributes": ["evaluations", "raw_y", "sigma", "t", "d_norm", "d_mean", "ps_norm", "ps_mean", "pc_norm", "pc_mean", "lambda_", "ps_ratio", "ps_squared", "loglikelihood", "mhl_norm", "mhl_sum"],
	"scenarios": [
		{"dimension": 16,
		"path": "data_f24_LunacekBiRastrigin/IOHprofiler_f24_DIM16.dat",
		"runs": [
			{"instance": 1, "evals": 40055, "best": {"evals": 38222, "y": 76.37020234272914, "x": [1.418848465219598, -1.426337701452724, 0.9318559979317323, 1.5062313196348414, 1.6320252747827921, 1.4867026697257504, -1.3113977419641274, 1.310267402634767, -1.2294367899893672, -1.3834613283586865, -1.4004498040897617, -1.331856618427515, -1.2886628741763984, 0.9456931269683105, -0.8275292139435142, -0.6619751351160845]}}
		]}
	]
}
