{
	"version": "0.3.9", 
	"suite": "unknown_suite", 
	"function_id": 19, 
	"function_name": "GriewankRosenBrock", 
	"maximization": false, 
	"algorithm": {"name": "psa", "info": "algorithm_info"},
	"attributes": ["evaluations", "raw_y", "sigma", "t", "d_norm", "d_mean", "ps_norm", "ps_mean", "pc_norm", "pc_mean", "lambda_", "ps_ratio", "ps_squared", "loglikelihood", "mhl_norm", "mhl_sum"],
	"scenarios": [
		{"dimension": 16,
		"path": "data_f19_GriewankRosenBrock/IOHprofiler_f19_DIM16.dat",
		"runs": [
			{"instance": 1, "evals": 40055, "best": {"evals": 25440, "y": 3.040898998736372, "x": [0.21946423033587067, 0.09547689834755224, -0.02822781806468741, -0.6337421943991903, -0.3344098829067132, 0.08154404826366288, 0.2310456591491236, 0.050034373341018026, 0.32807072309409435, -0.3635148995458594, -0.3157682346017921, -0.2828722070953912, -0.43440309551147105, 1.0625299716999286, 0.06466636377796432, -0.13104421272071765]}}
		]}
	]
}
