{
	"version": "0.3.9", 
	"suite": "unknown_suite", 
	"function_id": 17, 
	"function_name": "Schaffers10", 
	"maximization": false, 
	"algorithm": {"name": "psa", "info": "algorithm_info"},
	"attributes": ["evaluations", "raw_y", "sigma", "t", "d_norm", "d_mean", "ps_norm", "ps_mean", "pc_norm", "pc_mean", "lambda_", "ps_ratio", "ps_squared", "loglikelihood", "mhl_norm", "mhl_sum"],
	"scenarios": [
		{"dimension": 16,
		"path": "data_f17_Schaffers10/IOHprofiler_f17_DIM16.dat",
		"runs": [
			{"instance": 1, "evals": 40055, "best": {"evals": 39803, "y": 2.0647992347391313e-05, "x": [3.65599895863972, 2.5496020385082927, -1.5295966733900723, 1.4696037826936414, 1.39600625812152, -1.9079982932645811, 3.50159244314247, -2.350403015085562, -0.38399783547124755, -2.0359999606360684, 3.9328006190587748, 0.0959972096445393, -2.541601379912542, -1.3423977393394677, 2.6088043291784104, 3.1135961663472562]}}
		]}
	]
}
