{
	"version": "0.3.9", 
	"suite": "unknown_suite", 
	"function_id": 8, 
	"function_name": "Rosenbrock", 
	"maximization": false, 
	"algorithm": {"name": "psa", "info": "algorithm_info"},
	"attributes": ["evaluations", "raw_y", "sigma", "t", "d_norm", "d_mean", "ps_norm", "ps_mean", "pc_norm", "pc_mean", "lambda_", "ps_ratio", "ps_squared", "loglikelihood", "mhl_norm", "mhl_sum"],
	"scenarios": [
		{"dimension": 16,
		"path": "data_f8_Rosenbrock/IOHprofiler_f8_DIM16.dat",
		"runs": [
			{"instance": 1, "evals": 40055, "best": {"evals": 39880, "y": 7.628716289375203, "x": [-0.0672775494800366, -0.38444302343784653, -0.009752298710387622, 1.805429233459562, -2.8574982414087793, -1.4148456406161474, -1.1861813505393535, -1.7012013146990843, -0.7846982941773768, -0.4798305456755946, -2.6481052255235187, -0.20535723998256375, 1.7537021464417222, -1.5462048701436006, -1.6891892829282624, -1.4589877303530223]}}
		]}
	]
}
