{
	"version": "0.3.9", 
	"suite": "unknown_suite", 
	"function_id": 15, 
	"function_name": "RastriginRotated", 
	"maximization": false, 
	"algorithm": {"name": "psa", "info": "algorithm_info"},
	"attributes": ["evaluations", "raw_y", "sigma", "t", "d_norm", "d_mean", "ps_norm", "ps_mean", "pc_norm", "pc_mean", "lambda_", "ps_ratio", "ps_squared", "loglikelihood", "mhl_norm", "mhl_sum"],
	"scenarios": [
		{"dimension": 16,
		"path": "data_f15_RastriginRotated/IOHprofiler_f15_DIM16.dat",
		"runs": [
			{"instance": 1, "evals": 40055, "best": {"evals": 39931, "y": 1.9901188527414342, "x": [-3.069369311229218, 3.126787418987053, 3.3943790784286167, 3.353824732322455, 3.0557140047995857, -3.3401986638228944, -1.9327639068759956, -0.5404742422533224, -2.481487559430256, -1.230742012608044, -2.0728437607737344, -1.1069135363505658, -0.7361572044738539, -3.4951856637426277, 2.4858320045158635, 3.4226510674774566]}}
		]}
	]
}
