{
	"version": "0.3.9", 
	"suite": "unknown_suite", 
	"function_id": 10, 
	"function_name": "EllipsoidRotated", 
	"maximization": false, 
	"algorithm": {"name": "psa", "info": "algorithm_info"},
	"attributes": ["evaluations", "raw_y", "sigma", "t", "d_norm", "d_mean", "ps_norm", "ps_mean", "pc_norm", "pc_mean", "lambda_", "ps_ratio", "ps_squared", "loglikelihood", "mhl_norm", "mhl_sum"],
	"scenarios": [
		{"dimension": 16,
		"path": "data_f10_EllipsoidRotated/IOHprofiler_f10_DIM16.dat",
		"runs": [
			{"instance": 1, "evals": 40055, "best": {"evals": 39931, "y": 847.8794390568379, "x": [1.2411505793726105, -1.9244477353915448, -6.072923249239587, 3.8225602759720294, 0.5483179536288938, 1.3381516102584048, -0.49395994787731556, -0.09033141739173411, -6.146521662985413, -1.647031131807854, -3.140825373136866, -3.766635816859328, 1.1754101514054398, -1.034234947467877, 2.765187718240019, 2.018622116261162]}}
		]}
	]
}
