{
	"version": "0.3.9", 
	"suite": "unknown_suite", 
	"function_id": 16, 
	"function_name": "Weierstrass", 
	"maximization": false, 
	"algorithm": {"name": "psa", "info": "algorithm_info"},
	"attributes": ["evaluations", "raw_y", "sigma", "t", "d_norm", "d_mean", "ps_norm", "ps_mean", "pc_norm", "pc_mean", "lambda_", "ps_ratio", "ps_squared", "loglikelihood", "mhl_norm", "mhl_sum"],
	"scenarios": [
		{"dimension": 16,
		"path": "data_f16_Weierstrass/IOHprofiler_f16_DIM16.dat",
		"runs": [
			{"instance": 1, "evals": 40055, "best": {"evals": 39931, "y": 0.004772106360699273, "x": [-2.4396564674824988, 2.5728273736989267, -1.3504318410125393, 1.2960700760080663, 3.3724631930414386, 2.303649166214873, 0.4515178520571538, 4.592977429188709, 3.574060455108202, -0.19267610598516818, 1.4148682429159605, 1.7058153919867391, -1.6347048830571183, 4.993613118202054, -4.113018310923829, -1.999615276012003]}}
		]}
	]
}
