{
	"version": "0.3.9", 
	"suite": "unknown_suite", 
	"function_id": 1, 
	"function_name": "Sphere", 
	"maximization": false, 
	"algorithm": {"name": "psa", "info": "algorithm_info"},
	"attributes": ["evaluations", "raw_y", "sigma", "t", "d_norm", "d_mean", "ps_norm", "ps_mean", "pc_norm", "pc_mean", "lambda_", "ps_ratio", "ps_squared", "loglikelihood", "mhl_norm", "mhl_sum"],
	"scenarios": [
		{"dimension": 16,
		"path": "data_f1_Sphere/IOHprofiler_f1_DIM16.dat",
		"runs": [
			{"instance": 1, "evals": 40055, "best": {"evals": 39877, "y": 1.4295404936538988e-13, "x": [0.25279994041714626, -1.1568000443090551, -0.724000036919222, 1.9264001091038234, -2.6807999579842035, 0.4392001041981626, -0.11679991306331224, 0.12000005183314957, -1.6376000865814069, -3.051199959005941, -3.8536000808176496, 2.016000096896515, 1.086399920098248, -0.08640025515907222, 3.647200041242404, 2.9088000549368918]}}
		]}
	]
}
